Unnamed: 0,Brand,Current Price,Original Price,Discount Percentage,Rating,Number OF Ratings,Model Name,Dial Shape,Strap Color,Strap Material,Touchscreen,Battery Life (Days),Bluetooth,Display Size,Weight
0,0,82990.0,89900.0,7.686318131,4.0,65.0,0,0,0,0,0,8.0,0,0,0
1,1,3799.0,16999.0,77.65162657,4.3,20788.0,1,0,0,0,0,3.5,0,1,1
2,2,1999.0,7990.0,74.98122653,3.8,21724.0,2,0,0,0,0,8.0,0,0,0
3,1,1799.0,19999.0,91.00455023,4.3,13244.0,3,0,0,0,0,3.5,0,1,2
4,0,1599.0,4999.0,68.01360272,4.1,13901.0,4,0,0,1,0,8.0,0,0,0
5,0,1499.0,3999.0,62.51562891,4.0,32704.0,5,0,0,1,0,8.0,0,0,0
6,0,1999.0,4999.0,60.0120024,4.1,1018.0,6,0,0,0,0,14.077392344497609,0,2,0
7,0,1799.0,3999.0,55.01375344,4.0,32704.0,7,0,0,1,0,8.0,0,0,0
8,0,1999.0,6499.0,69.24142176,4.1,39479.0,8,0,0,1,0,8.0,0,1,0
9,0,1999.0,5999.0,66.67777963,4.1,39479.0,9,0,0,1,0,8.0,0,1,0
10,0,1999.0,5999.0,66.67777963,4.1,8765.0,10,0,0,1,0,8.0,0,3,0
11,0,1799.0,3999.0,55.01375344,4.0,32704.0,11,0,0,1,0,8.0,0,0,0
12,0,3799.0,7999.0,52.50656332,3.8,545.0,12,0,0,0,0,8.0,0,0,0
13,0,3499.0,5999.0,41.67361227,3.8,281.0,13,0,0,0,0,8.0,0,0,0
14,0,1999.0,5999.0,66.67777963,4.1,9081.0,14,0,0,1,0,14.077392344497609,0,1,0
15,0,1499.0,4999.0,70.0140028,4.0,93075.0,15,0,0,2,0,3.6,0,4,3
16,0,1799.0,4999.0,64.01280256,4.1,13901.0,16,0,0,1,0,8.0,0,0,0
17,0,1999.0,5999.0,66.67777963,4.1,8765.0,17,0,0,1,0,8.0,0,3,0
18,0,1999.0,5999.0,66.67777963,4.1,9081.0,18,0,0,1,0,14.077392344497609,0,1,0
19,0,2499.0,5999.0,58.34305718,3.5,227.0,6,0,0,0,0,14.077392344497609,0,4,0
20,0,1799.0,3999.0,55.01375344,4.0,32704.0,19,0,0,1,0,8.0,0,0,0
21,0,2999.0,5999.0,50.00833472,4.1,5866.0,20,0,0,1,0,14.077392344497609,0,0,0
22,2,2699.0,7990.0,66.22027534,4.2,71481.0,6,0,0,0,0,8.0,0,0,1
23,2,2499.0,7990.0,68.72340426,4.2,71481.0,21,0,0,0,0,8.0,0,0,1
24,2,1999.0,7990.0,74.98122653,3.8,21724.0,2,0,0,0,0,8.0,0,0,0
25,2,1199.0,6990.0,82.84692418,4.0,27771.0,22,0,0,0,0,8.0,0,4,1
26,2,1799.0,6990.0,74.26323319,3.9,2931.0,23,0,0,3,0,8.0,0,1,0
27,2,1999.0,7990.0,74.98122653,3.8,21724.0,2,0,0,0,0,8.0,0,0,0
28,2,2599.0,7990.0,67.4718398,4.2,71481.0,21,0,0,0,0,8.0,0,0,2
29,2,1999.0,7990.0,74.98122653,3.6,827.0,6,0,0,0,0,8.0,0,0,0
30,2,1999.0,7990.0,74.98122653,3.6,827.0,6,0,0,0,0,8.0,0,0,2
31,2,1199.0,6990.0,82.84692418,4.0,27771.0,22,0,0,0,0,8.0,0,4,1
32,0,1799.0,4999.0,64.01280256,4.0,69803.0,24,0,0,1,0,14.077392344497609,0,1,0
33,2,1699.0,6990.0,75.69384835,3.9,23498.0,25,0,0,4,0,8.0,0,0,0
34,0,1799.0,4999.0,64.01280256,4.1,13901.0,26,0,0,1,0,8.0,0,0,0
35,2,1199.0,6990.0,82.84692418,4.0,27771.0,22,0,0,0,0,8.0,0,4,1
36,2,1449.0,5990.0,75.8096828,3.9,3944.0,6,0,0,0,0,14.077392344497609,0,0,0
37,2,1899.0,6499.0,70.78012002,3.7,328.0,6,0,0,0,0,8.0,0,0,0
38,2,2199.0,7999.0,72.50906363,4.031306306306306,11594.726342710997,27,0,0,0,0,14.077392344497609,0,1,2
39,3,11499.0,18999.0,39.47576188,3.9,406.0,28,0,0,0,0,12.5,0,2,0
40,3,2199.0,1868.0,-17.71948608,4.1,181.0,29,0,0,0,0,3.5,0,5,4
41,3,11499.0,9773.0,-17.66090249,4.2,20.0,30,0,0,0,0,12.5,0,2,0
42,3,14999.0,12499.0,-20.00160013,3.9,100.0,31,0,0,1,0,0.75,0,6,2
43,4,2999.0,9999.0,70.0070007,4.3,674.0,32,0,0,0,0,12.5,0,1,3
44,3,8999.0,14999.0,40.00266684,4.4,7792.0,6,0,0,0,0,14.077392344497609,0,2,0
45,4,5999.0,14999.0,60.00400027,4.3,996.0,33,0,0,0,0,8.0,0,2,3
46,3,8999.0,7473.0,-20.42017931,4.1,323.0,34,0,0,1,0,0.75,0,2,2
47,5,11999.0,30990.0,61.28105841,4.1,72.0,6,0,0,0,0,14.077392344497609,0,0,0
48,5,18410.0,37999.0,51.55135661,4.3,5228.0,6,0,0,0,0,3.6,0,7,1
49,5,12747.554545454546,14598.204244031831,48.236893613453574,4.3,5228.0,6,0,0,0,0,3.6,0,8,3
50,5,17999.0,19990.0,9.95997999,4.3,5228.0,6,0,0,0,0,3.6,0,8,3
51,5,18000.0,34999.0,48.56995914,4.3,5228.0,6,0,0,0,0,14.077392344497609,0,0,2
52,6,16990.0,22490.0,24.45531347,4.3,312.0,35,0,0,0,0,22.0,0,4,0
53,6,27990.0,36490.0,23.29405317,4.5,4339.0,6,0,0,0,0,14.077392344497609,0,0,4
54,6,12747.554545454546,14598.204244031831,48.236893613453574,3.7,6.0,6,0,0,0,0,22.0,0,9,0
55,6,18990.0,27990.0,32.15434084,4.3,19.0,6,0,0,0,0,14.077392344497609,0,0,4
56,6,12747.554545454546,14598.204244031831,48.236893613453574,5.0,1.0,6,0,0,0,0,22.0,0,9,0
57,6,34990.0,51990.0,32.69859588,4.3,19.0,36,0,0,5,0,8.0,0,0,0
58,6,12747.554545454546,14598.204244031831,48.236893613453574,3.8,38.0,37,0,0,4,0,8.0,0,10,2
59,6,20990.0,25990.0,19.23816853,4.3,127.0,6,0,0,0,0,14.077392344497609,0,0,4
60,6,18990.0,20490.0,7.320644217,3.5,7.0,6,0,0,0,0,14.077392344497609,0,0,3
61,6,78490.0,89460.0,12.26246367,4.4,6.0,6,0,0,0,0,14.077392344497609,0,0,4
62,7,26581.0,42513.0,37.4755957,4.7,830.0,6,0,0,0,0,14.077392344497609,0,2,0
63,7,16499.0,29999.0,45.00150005,4.7,7108.0,6,0,0,0,0,14.077392344497609,0,2,0
64,7,6400.0,11999.0,46.66222185,4.5,49.0,38,0,0,0,0,8.0,0,11,2
65,0,3799.0,7999.0,52.50656332,3.8,545.0,39,0,0,0,0,8.0,0,0,0
66,8,2126.0,5999.0,64.56076013,3.7,18.0,6,0,0,0,0,8.0,0,3,3
67,8,2126.0,5999.0,64.56076013,3.7,18.0,6,0,0,0,0,8.0,0,3,3
68,8,2999.0,1669.0,-79.68843619,4.0,2.0,6,0,0,0,0,14.077392344497609,0,0,2
69,8,12747.554545454546,14598.204244031831,48.236893613453574,2.4,7.0,6,0,0,0,0,14.077392344497609,0,0,2
70,8,2126.0,5999.0,64.56076013,3.7,18.0,6,0,0,0,0,8.0,0,3,3
71,1,12747.554545454546,14598.204244031831,48.236893613453574,4.3,39274.0,40,0,0,0,0,3.5,0,4,0
72,8,4299.0,6999.0,38.57693956,2.5,2.0,6,0,0,0,0,8.0,0,0,2
73,1,1299.0,9999.0,87.00870087,4.2,25784.0,41,0,0,0,0,8.0,0,0,0
74,1,1799.0,9999.0,82.00820082,4.2,33415.0,42,0,0,0,0,8.0,0,4,1
75,0,1799.0,4999.0,64.01280256,4.1,13901.0,43,0,0,1,0,8.0,0,0,0
76,9,1699.0,5499.0,69.10347336,2.7,10.0,6,0,0,0,0,14.077392344497609,0,0,2
77,9,1599.0,5999.0,73.34555759,4.3,37.0,44,0,0,0,0,12.5,0,0,2
78,9,1499.0,5999.0,75.01250208,4.031306306306306,11594.726342710997,45,0,0,0,0,14.077392344497609,0,0,2
79,9,1699.0,7999.0,78.75984498,2.0,5.0,6,0,0,0,0,14.077392344497609,0,0,1
80,9,3299.0,5999.0,45.00750125,4.0,102.0,46,0,0,0,0,8.0,0,4,2
81,9,1499.0,5999.0,75.01250208,3.0,2.0,6,0,0,0,0,14.077392344497609,0,0,2
82,9,3299.0,5999.0,45.00750125,4.0,102.0,47,0,0,6,0,12.5,0,4,2
83,9,1699.0,5499.0,69.10347336,2.5,3.0,48,0,0,0,0,14.077392344497609,0,0,2
84,10,2368.0,4499.0,47.36608135,3.5,301.0,49,0,0,0,0,12.5,0,0,0
85,10,2199.0,4999.0,56.01120224,3.9,256.0,50,0,0,0,0,8.0,0,0,0
86,1,1799.0,2199.0,18.1900864,4.3,39274.0,40,0,0,0,0,3.5,0,4,0
87,1,1999.0,7999.0,75.00937617,4.1,33012.0,51,0,0,0,0,8.0,0,0,0
88,11,1799.0,6499.0,72.31881828,3.8,2138.0,52,0,0,0,0,3.5,0,12,0
89,0,1799.0,3999.0,55.01375344,4.0,32704.0,53,0,0,1,0,8.0,0,0,0
90,12,2999.0,6999.0,57.15102157,3.8,3563.0,54,0,0,0,0,8.0,0,1,2
91,12,4499.0,7499.0,40.00533404,3.6,94.0,55,0,0,0,0,12.5,0,4,0
92,12,12747.554545454546,14598.204244031831,48.236893613453574,3.6,725.0,56,0,0,0,0,12.5,0,4,1
93,12,4299.0,7499.0,42.67235631,3.6,55.0,57,0,0,0,0,14.077392344497609,0,13,0
94,4,3999.0,11999.0,66.67222269,3.9,3856.0,58,0,0,0,0,3.6,0,3,3
95,4,3999.0,7999.0,50.00625078,3.9,3856.0,58,0,0,0,0,3.6,0,3,3
96,1,2499.0,9999.0,75.00750075,4.1,2571.0,59,0,0,0,0,8.0,0,14,2
97,13,1799.0,4999.0,64.01280256,3.6,516.0,6,0,0,0,0,14.077392344497609,0,1,2
98,11,2099.0,7999.0,73.7592199,3.8,7386.0,60,0,0,3,0,8.0,0,8,2
99,11,1999.0,3999.0,50.01250313,3.8,2452.0,61,0,0,1,0,8.0,0,15,2
100,11,2449.0,8499.0,71.18484528,3.9,207.0,6,0,0,0,0,8.0,0,0,0
101,11,1399.0,3999.0,65.01625406,4.0,311.0,6,0,0,0,0,14.077392344497609,0,12,0
102,11,1799.0,6499.0,72.31881828,3.8,2138.0,62,0,0,0,0,3.5,0,0,0
103,11,3499.0,11499.0,69.57126707,4.2,52.0,63,0,0,0,0,0.75,0,1,1
104,11,3599.0,10999.0,67.27884353,3.9,1611.0,64,0,0,0,0,8.0,0,16,1
105,11,1999.0,6999.0,71.43877697,3.8,2138.0,65,0,0,0,0,3.5,0,12,0
106,11,2399.0,5999.0,60.01000167,3.8,3805.0,66,0,0,1,0,22.0,0,8,0
107,11,12747.554545454546,14598.204244031831,48.236893613453574,3.5,100.0,67,0,0,0,0,8.0,0,8,2
108,11,3599.0,10999.0,67.27884353,3.9,1611.0,68,0,0,0,0,8.0,0,16,1
109,1,1299.0,7999.0,83.76047006,4.2,25784.0,41,0,0,0,0,8.0,0,0,0
110,1,2499.0,11999.0,79.17326444,4.1,1990.0,69,0,0,0,0,8.0,0,3,2
111,1,1799.0,9999.0,82.00820082,4.2,33415.0,42,0,0,0,0,8.0,0,4,1
112,1,2499.0,9999.0,75.00750075,4.2,23302.0,70,0,0,0,0,3.5,0,1,1
113,1,2499.0,9999.0,75.00750075,4.2,23302.0,70,0,0,0,0,3.5,0,1,1
114,1,1794.0,7999.0,77.57219652,4.1,33012.0,51,0,0,0,0,8.0,0,0,0
115,1,3499.0,11999.0,70.8392366,4.1,44170.0,71,0,0,0,0,3.5,0,3,2
116,1,2499.0,18999.0,86.84667614,4.2,11.0,72,0,0,0,0,3.5,0,3,2
117,1,2499.0,11999.0,79.17326444,4.1,1990.0,69,0,0,0,0,8.0,0,3,2
118,1,1399.0,11999.0,88.34069506,4.1,1519.0,73,0,0,0,0,8.0,0,1,2
119,1,1899.0,8999.0,78.8976553,4.0,15543.0,74,0,0,0,0,8.0,0,4,1
120,1,1999.0,7999.0,75.00937617,4.1,33012.0,51,0,0,0,0,8.0,0,0,0
121,1,1799.0,11999.0,85.00708392,4.3,39274.0,75,0,0,0,0,3.5,0,2,2
122,14,29650.0,29900.0,0.836120401,4.5,154.0,76,1,1,0,0,22.0,0,17,4
123,14,37900.0,14598.204244031831,48.236893613453574,4.4,65.0,77,1,2,0,0,22.0,0,0,4
124,14,23349.0,23900.0,2.305439331,4.6,55800.0,78,1,0,0,0,22.0,0,0,3
125,14,33900.0,14598.204244031831,48.236893613453574,4.6,3440.0,79,1,3,0,0,22.0,0,17,4
126,14,89900.0,14598.204244031831,48.236893613453574,4.7,51.0,80,1,4,7,0,3.5,0,3,2
127,14,55900.0,14598.204244031831,48.236893613453574,4.5,132.0,81,1,2,0,0,22.0,0,17,4
128,14,44730.0,44900.0,0.378619154,4.6,2847.0,82,1,5,8,0,22.0,0,1,3
129,14,41900.0,14598.204244031831,48.236893613453574,4.6,2847.0,83,1,5,8,0,22.0,0,17,4
130,14,29900.0,14598.204244031831,48.236893613453574,4.6,5502.0,84,1,6,0,0,22.0,0,17,4
131,14,49666.0,50900.0,2.424361493,4.5,1519.0,85,1,7,8,0,22.0,0,17,4
132,14,53900.0,14598.204244031831,48.236893613453574,4.5,1519.0,86,1,7,8,0,22.0,0,1,3
133,14,49900.0,14598.204244031831,48.236893613453574,4.5,1349.0,87,1,0,0,0,22.0,0,17,3
134,14,48900.0,14598.204244031831,48.236893613453574,4.3,158.0,88,1,2,0,0,22.0,0,1,3
135,14,29900.0,14598.204244031831,48.236893613453574,4.6,5502.0,89,1,8,0,0,22.0,0,17,4
136,14,29900.0,14598.204244031831,48.236893613453574,4.6,5502.0,90,1,9,0,0,22.0,0,17,4
137,14,32899.0,32900.0,0.003039514,4.6,5502.0,91,1,10,0,0,22.0,0,0,3
138,14,22900.0,23900.0,4.184100418,4.6,55800.0,92,1,9,0,0,22.0,0,0,3
139,14,41900.0,14598.204244031831,48.236893613453574,4.6,2847.0,93,1,0,8,0,22.0,0,17,4
140,14,53900.0,14598.204244031831,48.236893613453574,4.5,1519.0,94,1,5,8,0,22.0,0,1,3
141,14,44900.0,14598.204244031831,48.236893613453574,4.6,2847.0,95,1,11,8,0,22.0,0,1,3
142,14,44900.0,14598.204244031831,48.236893613453574,4.6,2847.0,96,1,7,8,0,22.0,0,1,3
143,14,41900.0,14598.204244031831,48.236893613453574,4.6,2847.0,97,1,7,8,0,22.0,0,17,4
144,14,40900.0,14598.204244031831,48.236893613453574,4.5,1720.0,98,1,0,0,0,22.0,0,17,3
145,14,41900.0,14598.204244031831,48.236893613453574,4.6,2847.0,99,1,9,8,0,22.0,0,17,4
146,14,32900.0,14598.204244031831,48.236893613453574,4.6,5502.0,100,1,6,0,0,22.0,0,0,3
147,14,73900.0,14598.204244031831,48.236893613453574,4.5,1519.0,101,1,6,4,0,22.0,0,17,4
148,0,1999.0,5999.0,66.67777963,4.2,80483.0,102,1,0,0,0,22.0,0,1,3
149,0,1299.0,3999.0,67.51687922,4.2,27445.0,103,2,0,0,0,22.0,0,0,3
150,0,1799.0,4999.0,64.01280256,4.2,219512.0,104,1,0,0,0,22.0,0,0,3
151,0,1499.0,4999.0,70.0140028,3.4,504.0,105,1,5,0,0,8.0,0,1,3
152,0,1599.0,4999.0,68.01360272,4.3,4398.0,106,1,5,0,0,22.0,0,0,3
153,0,1499.0,3999.0,62.51562891,4.2,275607.0,107,2,9,0,0,8.0,0,0,3
154,0,3999.0,6999.0,42.86326618,4.4,12469.0,108,0,0,0,0,22.0,0,2,3
155,0,2999.0,7999.0,62.50781348,4.3,11755.0,109,2,0,0,0,22.0,0,1,3
156,0,2999.0,5999.0,50.00833472,4.3,13108.0,110,1,0,0,0,22.0,0,0,3
157,0,2499.0,6999.0,64.29489927,4.3,3944.0,111,2,10,0,0,22.0,0,3,3
158,0,1299.0,4999.0,74.01480296,4.1,142612.0,112,2,0,9,0,22.0,0,2,3
159,0,2999.0,8999.0,66.6740749,4.1,22942.0,113,0,0,0,0,22.0,0,4,3
160,0,3799.0,5999.0,36.6727788,4.2,6004.0,114,1,0,0,0,22.0,0,1,3
161,0,1499.0,4999.0,70.0140028,4.1,148555.0,115,1,0,10,0,22.0,0,4,4
162,0,1799.0,5999.0,70.01166861,4.2,32505.0,116,1,0,9,0,22.0,0,5,3
163,0,1999.0,5999.0,66.67777963,4.1,69379.0,117,1,0,9,0,3.5,0,17,3
164,0,1499.0,3999.0,62.51562891,4.0,6638.0,118,0,0,0,0,22.0,0,4,3
165,0,1799.0,5999.0,70.01166861,4.1,3506.0,119,2,0,0,0,22.0,0,1,3
166,0,1799.0,3999.0,55.01375344,4.2,5970.0,120,1,10,0,0,22.0,0,0,3
167,2,1799.0,7990.0,77.48435544,4.1,125524.0,121,1,7,0,0,22.0,0,0,3
168,2,1699.0,5990.0,71.6360601,4.0,98388.0,122,1,0,0,0,22.0,0,0,3
169,2,2499.0,8990.0,72.20244716,4.2,2893.0,123,1,0,0,0,22.0,0,3,3
170,2,3299.0,9799.0,66.33329932,4.1,13261.0,124,1,11,0,0,22.0,0,1,3
171,2,1499.0,5990.0,74.97495826,4.1,45492.0,125,1,11,0,0,22.0,0,17,3
172,2,2499.0,5990.0,58.28046745,4.2,39734.0,126,1,10,0,0,22.0,0,0,3
173,2,1299.0,6990.0,81.41630901,3.9,17456.0,127,1,12,0,0,22.0,0,0,3
174,2,1299.0,5990.0,78.31385643,4.1,619130.0,128,2,7,9,0,22.0,0,4,3
175,2,1999.0,8999.0,77.78642071,3.9,6469.0,129,1,0,0,0,22.0,0,1,3
176,2,2499.0,7990.0,68.72340426,4.0,8179.0,130,1,5,0,0,22.0,0,1,3
177,2,3999.0,6990.0,42.78969957,4.2,628.0,131,1,11,0,0,22.0,0,1,3
178,2,2799.0,5990.0,53.2721202,3.9,2406.0,132,2,5,0,0,22.0,0,17,3
179,2,1999.0,6990.0,71.40200286,3.9,12026.0,133,1,7,0,0,22.0,0,5,3
180,2,12747.554545454546,14598.204244031831,48.236893613453574,5.0,11594.726342710997,134,1,0,0,0,22.0,0,0,3
181,2,2299.0,6990.0,67.11015737,3.9,16676.0,135,2,0,0,0,22.0,0,0,3
182,2,2999.0,7990.0,62.46558198,3.8,11340.0,136,2,0,0,0,22.0,0,4,3
183,3,8999.0,14999.0,40.00266684,4.4,14613.0,137,0,0,11,0,8.0,0,2,3
184,3,12999.0,18999.0,31.58060951,4.2,84.0,138,0,7,12,0,8.0,0,2,3
185,3,13999.0,15999.0,12.5007813,4.4,14613.0,139,0,13,12,0,8.0,0,1,3
186,3,17999.0,20999.0,14.28639459,4.4,1111.0,140,0,7,13,0,17.5,0,2,3
187,3,4999.0,10999.0,54.55041367,4.3,2241.0,141,1,3,0,0,22.0,0,17,4
188,3,9047.0,17999.0,49.73609645,4.3,1779.0,142,0,13,12,0,22.0,0,6,3
189,3,7999.0,17333.0,53.8510356,4.3,1779.0,143,0,0,0,0,22.0,0,6,3
190,3,10999.0,13999.0,21.43010215,4.4,14613.0,144,0,0,11,0,22.0,0,0,4
191,5,12990.0,29999.0,56.69855662,4.4,35511.0,145,0,0,14,0,3.5,0,2,4
192,5,27999.0,29999.0,6.666888896,4.3,435.0,146,0,14,14,0,3.5,0,6,4
193,5,35999.0,39999.0,10.00025001,4.3,435.0,147,0,14,14,0,3.5,0,2,4
194,5,22749.0,37999.0,40.13263507,4.2,567.0,148,0,0,11,0,3.5,0,2,2
195,5,32999.0,35999.0,8.333564821,4.3,435.0,149,0,14,14,0,3.5,0,6,4
196,5,44999.0,48999.0,8.163431907,4.4,88.0,150,0,0,14,0,3.5,0,2,3
197,5,34997.0,42999.0,18.60973511,4.2,567.0,151,0,8,11,0,3.5,0,2,2
198,5,49999.0,54999.0,9.091074383,4.4,88.0,152,0,10,14,0,3.5,0,2,3
199,5,24999.0,26999.0,7.407681766,4.1,91.0,153,0,0,11,0,3.5,0,18,4
200,5,31999.0,34999.0,8.571673476,3.8,40.0,154,0,0,11,0,3.5,0,6,3
201,5,16999.0,34999.0,51.43004086,4.2,567.0,155,0,0,11,0,3.5,0,2,4
202,5,39490.0,14598.204244031831,48.236893613453574,4.3,1489.0,156,0,0,12,0,3.5,0,1,3
203,5,17490.0,34999.0,50.02714363,4.2,567.0,157,0,8,11,0,3.5,0,6,3
204,5,31999.0,39999.0,20.00050001,4.2,567.0,158,0,0,11,0,3.5,0,6,3
205,5,28999.0,31999.0,9.375292978,3.8,12.0,159,0,3,11,0,3.5,0,6,4
206,5,11999.0,30990.0,61.28105841,4.3,1489.0,160,0,0,12,0,3.5,0,17,3
207,5,16999.0,28490.0,40.33345033,4.1,1980.0,161,0,10,0,0,3.5,0,2,4
208,5,16999.0,31990.0,46.86151922,4.4,23940.0,162,0,0,12,0,3.5,0,0,3
209,5,16999.0,25990.0,34.59407464,4.4,23940.0,163,0,15,0,0,3.5,0,0,4
210,5,27490.0,29989.0,8.333055454,4.2,201.0,164,0,0,0,0,3.5,0,1,2
211,5,19990.0,14598.204244031831,48.236893613453574,4.3,68.0,165,0,7,14,0,3.5,0,13,4
212,5,24490.0,28490.0,14.04001404,3.7,153.0,166,0,15,0,0,3.5,0,0,3
213,5,30990.0,34490.0,10.14786895,4.1,1980.0,167,0,13,0,0,17.5,0,2,3
214,5,29990.0,30990.0,3.22684737,4.3,1489.0,168,0,3,12,0,3.5,0,17,3
215,5,16990.0,33999.0,50.027942,4.5,12211.0,169,0,0,14,0,3.5,0,1,2
216,15,11699.0,14999.0,22.00146676,4.3,3999.0,170,2,0,0,0,3.5,0,4,3
217,15,14999.0,14598.204244031831,48.236893613453574,4.7,11594.726342710997,171,1,0,0,0,22.0,0,19,4
218,15,14999.0,14598.204244031831,48.236893613453574,4.7,5.0,172,1,7,0,0,3.5,1,4,3
219,15,14999.0,14598.204244031831,48.236893613453574,4.7,6.0,173,1,0,0,0,3.5,1,20,3
220,15,20499.0,14598.204244031831,48.236893613453574,4.7,114.0,174,3,3,0,0,3.5,0,20,3
221,15,8999.0,14598.204244031831,48.236893613453574,4.7,11594.726342710997,175,1,16,0,0,22.0,0,21,3
222,15,8999.0,14598.204244031831,48.236893613453574,4.7,11594.726342710997,176,1,17,14,0,3.5,1,20,3
223,15,17699.0,18999.0,6.842465393,4.3,455.0,177,3,0,14,0,17.5,0,22,3
224,15,20499.0,14598.204244031831,48.236893613453574,4.7,114.0,178,2,18,0,0,17.5,0,5,3
225,15,20999.0,22999.0,8.696030262,4.2,547.0,179,3,0,14,0,17.5,0,17,4
226,15,8999.0,23499.0,61.70475339,4.1,4475.0,180,2,19,7,0,3.5,0,4,3
227,15,26499.0,14598.204244031831,48.236893613453574,4.1,367.0,181,2,10,14,0,17.5,0,4,3
228,15,19999.0,14598.204244031831,48.236893613453574,4.2,1583.0,182,4,0,14,0,3.5,0,4,3
229,15,24990.0,14598.204244031831,48.236893613453574,3.9,188.0,183,2,7,14,0,22.0,0,4,3
230,15,16999.0,14598.204244031831,48.236893613453574,4.2,426.0,184,2,12,0,0,3.5,0,19,3
231,15,12747.554545454546,14598.204244031831,48.236893613453574,4.031306306306306,11594.726342710997,6,0,0,0,0,14.077392344497609,0,0,3
232,15,20590.0,21499.0,4.228103633,4.1,4475.0,185,2,0,0,0,3.5,0,4,3
233,15,24999.0,14598.204244031831,48.236893613453574,4.7,11594.726342710997,186,2,20,0,0,17.5,0,5,3
234,15,15499.0,23999.0,35.41814242,4.5,92.0,187,2,21,7,0,17.5,0,0,3
235,15,20499.0,14598.204244031831,48.236893613453574,4.7,11594.726342710997,188,3,0,14,0,3.5,0,20,3
236,15,20499.0,14598.204244031831,48.236893613453574,4.7,11594.726342710997,189,3,7,14,0,22.0,0,20,3
237,16,3999.0,5999.0,33.33888981,4.2,3130.0,190,2,3,0,0,22.0,0,1,2
238,16,7499.0,16999.0,55.88564033,4.3,11520.0,191,0,10,0,0,8.0,0,2,4
239,16,4499.0,5999.0,25.00416736,4.1,333.0,192,2,15,0,0,8.0,0,0,4
240,16,9999.0,17999.0,44.44691372,4.5,5265.0,193,0,0,0,0,12.5,0,4,2
241,16,16999.0,23999.0,29.167882,4.3,575.0,194,0,0,0,0,8.0,0,2,4
242,16,4999.0,6999.0,28.57551079,4.1,4694.0,195,1,3,0,0,22.0,0,2,4
243,16,13999.0,18999.0,26.31717459,4.1,306.0,196,2,22,0,0,8.0,0,1,3
244,16,13999.0,18999.0,26.31717459,4.1,918.0,197,0,10,0,0,17.5,0,2,3
245,16,18999.0,25999.0,26.92411247,4.2,115.0,198,0,13,0,0,8.0,0,2,3
246,16,6999.0,9999.0,30.0030003,3.7,81.0,199,1,0,0,0,8.0,0,17,3
247,16,8999.0,13999.0,35.71683692,4.3,578.0,200,0,0,0,0,17.5,0,2,4
248,16,19999.0,23999.0,16.66736114,4.3,11594.726342710997,201,1,9,0,0,8.0,0,1,3
249,16,2999.0,5999.0,50.00833472,3.8,15.0,202,2,0,0,0,22.0,0,2,4
250,16,7200.0,14999.0,51.99679979,4.0,6.0,203,2,0,0,0,3.5,0,23,3
251,6,139990.0,14598.204244031831,48.236893613453574,4.7,6022.0,204,0,8,4,0,17.5,0,24,3
252,6,16990.0,20990.0,19.05669366,4.4,90.0,205,2,10,0,0,17.5,0,4,3
253,6,39490.0,14598.204244031831,48.236893613453574,5.0,6.0,206,0,10,0,1,8.0,0,4,3
254,6,33490.0,14598.204244031831,48.236893613453574,4.7,11594.726342710997,207,2,0,0,0,17.5,0,2,3
255,6,24990.0,36490.0,31.51548369,4.4,43.0,208,0,11,0,1,22.0,0,6,3
256,6,34990.0,51990.0,32.69859588,4.3,6.0,209,0,11,0,1,22.0,0,6,3
257,6,39490.0,41990.0,5.953798523,4.8,6.0,210,0,7,0,0,17.5,0,25,3
258,6,89490.0,93990.0,4.787743377,4.7,11594.726342710997,211,0,0,0,0,12.5,0,24,3
259,6,67490.0,14598.204244031831,48.236893613453574,4.7,11594.726342710997,212,0,9,0,1,8.0,0,4,2
260,6,20990.0,14598.204244031831,48.236893613453574,4.2,61.0,213,0,7,0,1,22.0,0,19,3
261,6,98990.0,14598.204244031831,48.236893613453574,4.7,6022.0,214,0,0,0,0,17.5,0,24,3
262,6,49990.0,51990.0,3.846893633,4.7,11594.726342710997,215,0,0,0,0,8.0,0,4,2
263,6,44990.0,50490.0,10.89324619,4.0,6.0,216,0,7,0,1,17.5,0,26,3
264,6,22990.0,31490.0,26.99269609,4.1,20.0,217,0,0,0,1,8.0,0,26,3
265,6,33490.0,36990.0,9.462016761,4.6,5.0,218,0,0,0,1,17.5,0,26,3
266,6,39490.0,44990.0,12.22493888,4.7,109.0,219,0,9,0,0,22.0,0,27,3
267,6,27990.0,14598.204244031831,48.236893613453574,5.0,3.0,220,2,10,14,0,17.5,0,2,3
268,6,20490.0,14598.204244031831,48.236893613453574,5.0,3.0,221,0,13,0,1,3.5,0,28,3
269,6,89490.0,89990.0,0.555617291,4.7,6022.0,222,0,10,0,0,17.5,0,24,3
270,6,46990.0,14598.204244031831,48.236893613453574,4.5,8.0,223,0,9,0,0,3.5,0,4,2
271,6,44990.0,46990.0,4.256224729,4.0,6.0,224,0,0,0,1,17.5,0,26,3
272,6,46990.0,62490.0,24.80396863,4.1,10.0,225,0,0,0,1,8.0,0,3,3
273,6,33490.0,39490.0,15.19371993,4.7,109.0,226,0,11,0,1,17.5,1,29,3
274,6,20990.0,25990.0,19.23816853,3.4,7.0,227,2,7,0,0,17.5,0,4,3
275,6,64990.0,82990.0,21.68936016,4.7,11594.726342710997,228,0,0,0,0,22.0,0,6,2
276,6,44990.0,50490.0,10.89324619,4.7,11594.726342710997,229,0,5,0,1,17.5,0,29,3
277,6,76990.0,96390.0,20.12656915,4.7,7.0,230,0,8,0,0,17.5,0,4,3
278,6,67490.0,67990.0,0.735402265,4.7,6022.0,231,0,10,0,0,12.5,0,24,3
279,6,39490.0,44990.0,12.22493888,4.7,109.0,232,0,10,0,1,17.5,0,26,3
280,6,50490.0,55990.0,9.823182711,4.7,109.0,233,0,13,0,1,17.5,0,26,3
281,6,27990.0,39990.0,30.00750188,3.7,10.0,234,0,7,0,0,3.5,0,6,3
282,7,18990.0,29990.0,36.67889296,4.3,189.0,235,0,0,11,0,8.0,0,2,2
283,7,14990.0,20990.0,28.5850405,4.5,3228.0,236,0,0,11,0,8.0,0,1,3
284,7,15990.0,20990.0,23.82086708,4.4,399.0,237,0,23,0,0,8.0,0,1,3
285,7,14990.0,19990.0,25.01250625,4.7,11594.726342710997,238,0,0,11,0,22.0,0,0,4
286,7,29999.0,14598.204244031831,48.236893613453574,3.8,5.0,239,0,0,0,0,17.5,0,6,3
287,7,25999.0,14598.204244031831,48.236893613453574,3.9,21.0,240,0,0,12,0,17.5,0,6,3
288,7,6999.0,9999.0,30.0030003,3.3,20.0,241,0,23,0,0,17.5,0,6,3
289,7,10990.0,20990.0,47.64173416,4.5,203.0,242,0,0,0,0,8.0,0,1,2
290,7,10990.0,21990.0,50.02273761,4.5,93.0,243,0,13,12,0,8.0,0,1,2
291,7,8990.0,19990.0,55.02751376,4.3,1269.0,244,0,11,9,0,8.0,0,2,3
292,7,11990.0,19990.0,40.02001001,4.3,1269.0,245,0,5,9,0,8.0,0,2,3
293,7,6990.0,14990.0,53.36891261,4.3,119.0,246,1,3,0,0,22.0,0,30,4
294,17,23995.0,14598.204244031831,48.236893613453574,4.2,343.0,247,0,12,0,0,17.5,0,4,3
295,17,18495.0,14598.204244031831,48.236893613453574,3.8,172.0,248,0,0,4,0,22.0,0,0,3
296,17,15289.0,22995.0,33.51163296,4.0,470.0,249,0,8,4,0,17.5,0,4,3
297,17,17995.0,14598.204244031831,48.236893613453574,3.9,46.0,250,0,21,0,0,17.5,0,6,3
298,17,19999.0,21995.0,9.074789725,3.8,53.0,251,0,8,4,0,22.0,0,0,3
299,17,9995.0,14995.0,33.34444815,3.9,57.0,252,0,0,0,1,22.0,0,13,3
300,17,14995.0,22995.0,34.79017178,4.0,4483.0,253,0,10,4,0,17.5,0,4,3
301,17,13195.0,21995.0,40.00909298,3.9,510.0,254,0,6,4,0,22.0,0,17,3
302,17,9995.0,17995.0,44.45679355,4.0,1532.0,255,0,7,0,0,3.5,0,6,3
303,17,9198.0,22995.0,60.0,4.3,283.0,256,0,15,12,0,17.5,0,4,3
304,17,13495.0,14598.204244031831,48.236893613453574,4.7,11594.726342710997,257,0,0,4,1,17.5,0,4,3
305,17,17995.0,14598.204244031831,48.236893613453574,4.0,599.0,258,0,7,0,0,22.0,0,6,3
306,17,18995.0,14598.204244031831,48.236893613453574,4.0,102.0,259,0,0,0,0,22.0,0,31,3
307,17,19995.0,14598.204244031831,48.236893613453574,3.1,28.0,260,0,13,12,0,22.0,0,2,3
308,17,19995.0,14598.204244031831,48.236893613453574,4.4,69.0,261,0,0,12,0,22.0,0,0,3
309,17,11995.0,14598.204244031831,48.236893613453574,4.3,4.0,262,0,0,12,1,17.5,0,0,3
310,17,14995.0,14598.204244031831,48.236893613453574,3.9,41.0,263,0,0,12,1,3.5,0,6,2
311,17,16495.0,14598.204244031831,48.236893613453574,4.1,123.0,264,0,10,4,1,3.5,0,13,3
312,17,16495.0,14598.204244031831,48.236893613453574,4.7,11594.726342710997,265,0,8,4,1,8.0,0,13,3
313,17,9995.0,16495.0,39.40588057,3.8,144.0,266,0,0,4,0,3.5,0,13,3
314,17,13995.0,14598.204244031831,48.236893613453574,3.8,4.0,267,0,7,4,1,22.0,0,0,3
315,17,13495.0,14598.204244031831,48.236893613453574,4.4,11.0,268,0,8,4,1,17.5,0,4,3
316,17,13495.0,14598.204244031831,48.236893613453574,4.7,3.0,269,0,7,4,1,17.5,0,4,3
317,17,10998.0,21995.0,49.99772676,3.9,5182.0,270,0,0,0,0,22.0,0,1,3
318,8,1299.0,5499.0,76.37752319,4.0,1598.0,271,1,10,0,0,8.0,0,1,3
319,8,1799.0,4999.0,64.01280256,4.2,34953.0,272,1,0,0,0,8.0,0,1,2
320,8,3299.0,5999.0,45.00750125,4.0,28926.0,273,0,0,0,0,22.0,0,4,3
321,8,1999.0,5999.0,66.67777963,4.1,561.0,274,1,0,0,0,22.0,0,3,3
322,8,1699.0,3999.0,57.51437859,4.2,110067.0,275,1,3,0,0,12.5,0,0,2
323,8,1199.0,3499.0,65.73306659,4.2,62964.0,276,2,7,0,0,22.0,0,0,3
324,8,4499.0,6999.0,35.71938848,4.2,6385.0,277,0,10,0,0,22.0,0,4,2
325,8,3499.0,5999.0,41.67361227,4.2,1785.0,278,1,10,0,0,22.0,0,1,2
326,8,1999.0,3999.0,50.01250313,3.9,3492.0,279,1,3,0,0,22.0,0,17,3
327,8,1999.0,4999.0,60.0120024,4.1,717.0,280,1,7,0,0,8.0,0,3,3
328,8,2799.0,3999.0,30.00750188,4.1,7586.0,281,2,0,0,0,8.0,0,1,3
329,8,3299.0,6999.0,52.86469496,3.9,345.0,282,2,7,0,0,22.0,0,1,3
330,8,3999.0,6999.0,42.86326618,4.1,663.0,283,0,7,0,0,22.0,0,2,3
331,8,2699.0,5999.0,55.00916819,3.3,222.0,284,2,10,0,0,22.0,0,3,3
332,8,5999.0,6999.0,14.28775539,4.2,13.0,285,0,0,0,0,22.0,0,4,2
333,8,5999.0,6999.0,14.28775539,4.2,13.0,286,0,10,0,0,22.0,0,4,2
334,8,3999.0,5999.0,33.33888981,4.2,42860.0,287,1,10,0,0,22.0,0,1,2
335,8,3999.0,5999.0,33.33888981,4.2,42860.0,288,1,0,0,0,22.0,0,1,2
336,8,2499.0,3999.0,37.50937734,3.6,70.0,289,2,0,6,0,22.0,0,0,3
337,9,1199.0,4499.0,73.34963325,4.7,11594.726342710997,290,2,7,0,0,22.0,0,1,3
338,9,1799.0,5999.0,70.01166861,4.2,4813.0,291,2,10,0,0,3.5,0,24,3
339,9,1299.0,5499.0,76.37752319,3.8,3137.0,292,2,0,0,0,3.5,0,24,3
340,9,2799.0,8999.0,68.89654406,4.0,1994.0,293,0,0,0,0,3.5,0,2,2
341,9,1999.0,5999.0,66.67777963,4.0,1178.0,294,2,10,0,0,8.0,0,3,3
342,9,3499.0,8999.0,61.11790199,3.7,475.0,295,0,0,12,0,3.5,0,4,3
343,9,1999.0,6999.0,71.43877697,3.8,927.0,296,2,7,0,0,22.0,0,3,3
344,9,2399.0,5499.0,56.37388616,5.0,3.0,297,2,24,0,0,3.5,0,3,4
345,9,2799.0,6999.0,60.00857265,4.3,7.0,298,0,24,0,0,3.5,0,4,3
346,9,2199.0,5999.0,63.34389065,3.5,10.0,299,2,0,0,0,3.5,0,0,3
347,9,1999.0,5999.0,66.67777963,3.5,30.0,300,1,0,0,0,3.5,0,17,4
348,9,1799.0,2999.0,40.01333778,3.8,645.0,301,2,0,0,0,22.0,0,19,3
349,9,1499.0,6999.0,78.58265466,4.7,11594.726342710997,302,2,10,0,0,22.0,0,3,3
350,9,6999.0,14598.204244031831,48.236893613453574,4.7,11594.726342710997,303,2,23,0,0,22.0,0,3,3
351,9,2799.0,6999.0,60.00857265,4.7,11594.726342710997,304,0,0,0,0,3.5,0,4,3
352,10,1299.0,4999.0,74.01480296,4.2,60292.0,305,2,10,0,0,22.0,0,0,3
353,10,1599.0,5999.0,73.34555759,4.2,25108.0,306,0,10,0,0,22.0,0,4,3
354,10,1799.0,5999.0,70.01166861,4.2,453.0,307,2,0,0,0,22.0,0,14,3
355,10,1499.0,5299.0,71.71164371,4.2,8574.0,308,2,11,0,0,22.0,0,3,3
356,10,2499.0,5999.0,58.34305718,4.3,7767.0,309,2,10,0,0,22.0,0,1,3
357,10,1799.0,3799.0,52.64543301,4.2,8003.0,310,2,3,0,0,22.0,0,0,3
358,10,2299.0,3999.0,42.51062766,4.1,2475.0,311,0,0,0,0,22.0,0,4,3
359,10,1999.0,5999.0,66.67777963,3.9,1099.0,312,1,0,10,0,22.0,0,4,3
360,10,1499.0,3799.0,60.54224796,4.2,1804.0,313,2,5,0,0,22.0,0,0,3
361,12,2799.0,7499.0,62.67502334,4.4,12644.0,314,1,0,0,0,22.0,0,3,2
362,12,4199.0,9499.0,55.79534688,4.2,7828.0,315,0,19,0,0,22.0,0,24,3
363,12,4199.0,9999.0,58.00580058,4.2,541.0,316,0,1,0,0,22.0,0,2,3
364,12,1999.0,4999.0,60.0120024,4.0,4240.0,317,1,7,0,0,3.5,0,32,3
365,12,4199.0,9499.0,55.79534688,4.2,7828.0,318,0,5,0,0,22.0,0,24,3
366,12,1999.0,4999.0,60.0120024,4.0,4240.0,319,1,4,0,0,3.5,0,32,3
367,12,3499.0,5999.0,41.67361227,4.7,11594.726342710997,320,0,10,0,0,22.0,0,4,3
368,12,4699.0,7499.0,37.33831177,4.1,20.0,321,0,13,12,0,8.0,0,4,3
369,12,3999.0,9999.0,60.0060006,3.9,677.0,322,1,7,0,0,22.0,0,33,3
370,12,3999.0,6499.0,38.46745653,3.4,45.0,323,1,3,0,0,22.0,0,17,3
371,12,4990.0,6999.0,28.70410059,4.1,1964.0,324,2,25,0,0,8.0,0,24,2
372,12,1499.0,4499.0,66.68148477,3.8,1338.0,325,1,7,0,0,17.5,0,3,2
373,12,4990.0,6999.0,28.70410059,5.0,3.0,326,2,7,14,0,8.0,0,20,2
374,12,3999.0,7999.0,50.00625078,3.9,2874.0,327,2,0,0,0,22.0,0,24,3
375,12,3999.0,7499.0,46.67288972,4.1,99.0,328,0,0,0,0,22.0,0,13,3
376,12,3999.0,7999.0,50.00625078,3.9,2874.0,329,2,26,0,0,22.0,0,24,3
377,12,2499.0,4499.0,44.45432318,3.5,1014.0,330,1,27,0,0,14.077392344497609,0,0,3
378,12,2999.0,5499.0,45.46281142,3.8,5.0,331,2,6,0,0,8.0,0,24,3
379,12,4499.0,7499.0,40.00533404,3.1,10.0,332,0,0,0,0,8.0,0,4,3
380,12,3069.0,4999.0,38.60772154,4.0,1371.0,333,1,0,0,0,22.0,0,2,3
381,12,1499.0,3299.0,54.56198848,3.8,11594.726342710997,334,2,0,0,0,8.0,0,24,3
382,12,3299.0,4999.0,34.00680136,3.8,11594.726342710997,335,2,28,0,0,8.0,0,24,3
383,12,2499.0,3299.0,24.24977266,3.8,11594.726342710997,336,2,7,0,0,8.0,0,24,3
384,12,4990.0,6999.0,28.70410059,4.1,1964.0,337,2,29,0,0,3.5,0,24,3
385,12,2999.0,5499.0,45.46281142,3.8,11594.726342710997,338,2,0,0,0,8.0,0,24,3
386,12,3999.0,5499.0,27.27768685,4.1,16.0,339,1,0,0,0,22.0,0,24,3
387,12,2999.0,4999.0,40.0080016,4.0,1371.0,340,1,7,0,0,22.0,0,2,3
388,12,4990.0,6999.0,28.70410059,4.1,11594.726342710997,341,2,25,0,0,8.0,0,24,2
389,12,5190.0,7499.0,30.7907721,4.1,11594.726342710997,342,0,0,0,0,14.077392344497609,0,34,3
390,11,2199.0,4999.0,56.01120224,3.9,272.0,343,2,5,9,0,22.0,0,35,3
391,11,3499.0,5499.0,36.37024914,3.9,22.0,344,2,0,0,0,22.0,0,12,2
392,11,2999.0,7999.0,62.50781348,3.5,22.0,345,1,0,0,0,3.5,0,36,3
393,11,2399.0,7999.0,70.00875109,3.9,1328.0,346,0,8,0,0,22.0,0,35,2
394,11,1999.0,3999.0,50.01250313,3.9,22.0,347,2,29,0,0,17.5,0,0,3
395,11,4499.0,7499.0,40.00533404,3.7,3.0,348,1,0,0,0,22.0,0,0,3
396,11,2199.0,4999.0,56.01120224,3.9,22.0,349,2,0,0,0,17.5,0,4,3
397,11,2999.0,5999.0,50.00833472,3.6,55.0,350,2,0,4,0,22.0,0,20,3
398,11,5499.0,7499.0,26.6702227,3.9,22.0,351,2,0,0,0,22.0,0,1,3
399,11,3499.0,3999.0,12.50312578,3.9,11594.726342710997,352,2,6,0,0,22.0,0,5,3
400,11,2799.0,5499.0,49.09983633,3.9,22.0,353,2,0,14,0,22.0,0,0,3
401,11,1799.0,3999.0,55.01375344,4.2,1823.0,354,2,29,0,0,22.0,0,12,3
402,11,3499.0,7999.0,56.25703213,1.0,1.0,355,0,0,0,0,22.0,0,4,2
403,11,1399.0,4499.0,68.90420093,4.0,469.0,356,2,11,9,0,22.0,0,15,3
404,11,3499.0,5999.0,41.67361227,3.9,11594.726342710997,357,2,8,4,0,22.0,0,12,2
405,11,3099.0,7999.0,61.25765721,2.3,3.0,358,3,8,8,0,22.0,0,24,3
406,11,1897.0,1899.0,0.105318589,3.3,4.0,359,1,10,0,0,22.0,0,37,3
407,11,2949.0,4199.0,29.76899262,3.1,10.0,360,5,0,12,0,14.077392344497609,0,38,3
408,11,3449.0,4199.0,17.86139557,2.9,17.0,361,0,0,0,0,3.5,0,39,3
409,11,1499.0,2999.0,50.01667222,3.1,24.0,362,0,0,14,0,22.0,0,38,2
410,11,2999.0,5999.0,50.00833472,4.0,11594.726342710997,363,1,8,4,0,17.5,0,0,3
411,1,2499.0,5999.0,58.34305718,2.5,11594.726342710997,364,2,0,0,0,22.0,0,5,3
412,1,2399.0,11999.0,80.00666722,2.5,6022.0,365,2,0,0,0,22.0,0,1,3
413,1,3927.0,9999.0,60.72607261,2.5,11594.726342710997,366,2,0,0,0,22.0,0,1,3
414,1,3927.0,9999.0,60.72607261,2.5,11594.726342710997,366,2,6,0,0,22.0,0,1,3
415,1,2299.0,5999.0,61.67694616,2.5,24.0,367,2,7,0,0,22.0,0,17,3
416,1,2299.0,5999.0,61.67694616,2.5,201.0,367,2,0,0,0,22.0,0,17,3
417,1,6499.0,12999.0,50.00384645,2.5,11594.726342710997,368,0,0,0,0,22.0,0,4,3
418,1,4599.0,17999.0,74.44858048,2.5,11.0,369,2,0,0,0,22.0,0,1,3
419,1,3299.0,9999.0,67.00670067,2.5,5.0,370,2,10,0,0,22.0,0,0,3
420,1,2699.0,4999.0,46.00920184,2.5,33.0,371,2,0,0,0,22.0,0,4,3
421,1,2799.0,7999.0,65.00812602,4.2,5.0,372,2,0,14,0,22.0,0,24,3
422,1,3449.0,9999.0,65.50655066,3.8,83.0,373,2,0,14,0,22.0,0,24,2
423,1,3499.0,9999.0,65.00650065,4.8,4.0,6,2,8,14,0,8.0,0,24,3
424,1,3999.0,9999.0,60.0060006,3.1,8.0,373,1,0,0,0,22.0,0,24,3
425,1,3999.0,9999.0,60.0060006,3.7,11594.726342710997,374,0,7,14,0,22.0,0,24,3
426,1,3599.0,5999.0,40.00666778,5.0,3.0,375,1,0,0,0,22.0,0,2,3
427,1,3799.0,9999.0,62.00620062,3.7,11594.726342710997,6,2,0,14,0,3.5,0,24,3
428,1,3499.0,9999.0,65.00650065,3.7,11594.726342710997,6,1,3,14,0,8.0,0,24,3
429,1,3499.0,9999.0,65.00650065,3.7,11594.726342710997,6,2,7,14,0,8.0,0,24,3
430,1,5599.0,9999.0,44.00440044,2.5,11594.726342710997,376,2,9,0,0,22.0,0,0,3
431,1,3999.0,9999.0,60.0060006,3.7,3.0,377,2,3,0,0,22.0,0,0,3
432,1,3699.0,11999.0,69.17243104,2.5,11594.726342710997,378,2,0,0,0,8.0,0,1,3
433,1,3899.0,11999.0,67.50562547,2.5,11594.726342710997,378,2,5,0,0,22.0,0,1,3
434,1,2298.0,5999.0,61.6936156,3.6,5.0,379,2,0,14,0,22.0,0,24,3
435,1,3299.0,11999.0,72.50604217,2.5,11594.726342710997,380,2,0,0,0,3.5,0,1,3
436,1,1999.0,5999.0,66.67777963,3.7,11594.726342710997,381,2,0,14,0,22.0,0,24,3
437,1,3599.0,9999.0,64.00640064,3.7,11594.726342710997,373,2,7,14,0,22.0,0,24,3
438,1,3599.0,9999.0,64.00640064,3.7,11594.726342710997,373,2,11,14,0,22.0,0,24,3
439,1,5998.0,9999.0,40.0140014,2.5,11594.726342710997,382,1,7,0,0,22.0,0,4,3
440,1,5599.0,9999.0,44.00440044,2.5,11594.726342710997,383,2,7,0,0,22.0,0,4,3
441,1,2899.0,4999.0,42.00840168,2.5,11594.726342710997,384,2,10,0,0,22.0,0,4,3
442,1,3999.0,9999.0,60.0060006,3.7,6.0,373,2,9,14,0,22.0,0,0,3
443,1,4599.0,7999.0,42.50531316,2.5,11594.726342710997,385,2,0,0,0,22.0,0,0,3
444,1,6999.0,15999.0,56.25351584,2.6,11594.726342710997,386,0,13,0,0,8.0,0,2,3
445,1,5999.0,8999.0,33.33703745,2.5,11594.726342710997,387,0,10,0,0,22.0,0,4,3
446,1,3700.0,9999.0,62.99629963,4.031306306306306,11594.726342710997,6,2,0,0,0,8.0,0,24,3
447,1,5999.0,8999.0,33.33703745,2.5,11594.726342710997,387,0,6,0,0,22.0,0,4,3
448,1,3200.0,7999.0,59.99499937,4.031306306306306,11594.726342710997,388,2,7,0,0,22.0,0,24,3
449,1,3000.0,7999.0,62.49531191,4.031306306306306,11594.726342710997,388,2,0,0,0,22.0,0,24,3
